{"loss": [3.3834798336029053], "accuracy": [0.1310586780309677]}