{"loss": [3.416510820388794], "accuracy": [0.11766581982374191]}